Gene	psill	range	Protein.Class.simple	Protein.Class.factor	DSI	DPI	X..Of.Diseases	X..Of.SNPs
TG	1.63040309630516	38.1354231722954	null	15	0.506	0.7499	134	22
ALDH7A1	0.0319519812009306	0.156335137927455	oxidoreductase	16	0.557	0.6431	81	12
NRAS	0.194678279386704	7.12683509617574	enzyme modulator	7	0.384	0.7501	452	14
MTHFR	1.82918043209128	31.2776704114985	transferase	25	0.325	0.964	811	78
PAFAH1B1	0.0018097993246452	0.0573600964188028	enzyme modulator	7	0.471	0.6789	191	93
FLT3	0.0333507992642988	3.97555156543936	null	15	0.49	0.6071	157	10
BTK	1.19731116841995	30.762672196821	transferase	25	0.493	0.7141	153	48
ZEB2	0.0408760287433497	9.14645288182817	transcription factor	23	0.506	0.714	134	90
COL1A1	0.494540561775254	14.1460219525582	null	15	0.418	0.8929	322	77
VCAN	0.299799723200777	33.8584910127884	extracellular matrix protein	8	0.498	0.7861	145	11
ACADVL	1.86481780859135	34.0540205222563	transferase	25	0.642	0.4999	35	28
FBN2	1.07072340873794	40.6600596256804	cell adhesion molecule	2	0.517	0.75	121	18
HNF1A	0.146508363684129	12.8646903372115	transcription factor	23	0.476	0.643	181	61
TRMU	0.274452403082041	5.24226546675186	transferase	25	0.628	0.3569	40	6
BRAT1	1.0010239121119	42.4779855280892	null	15	0.86	0.1431	4	0
EDA	0.00452786671858136	1.2588129239028	null	15	0.509	0.679	131	59
BRCA2	0.156784145906308	12.9393355612633	nucleic acid binding	14	0.417	0.857	324	1377
SERPINC1	0.00586884127830259	0.139405772892555	enzyme modulator	7	0.536	0.6069	100	36
RHO	0.0728485851612826	7.34247633821028	receptor	19	0.533	0.7141	103	52
MYO3A	0.0259997791052802	0.880323588353831	cell junction protein	3	0.79	0.214	8	1
CDH23	1.37896741765862	34.5997691144488	null	15	0.664	0.429	28	53
DOK7	0.412883344878558	17.4232196598204	null	15	0.688	0.286	22	20
MPZ	0.0948226414362389	7.28744651814775	cell adhesion molecule	2	0.488	0.786	161	57
ATRX	1.58683128848317	24.2877835015383	nucleic acid binding	14	0.445	0.6791	246	20
MYL2	0.0129062409893498	1.69452032745361	cytoskeletal protein	5	0.676	0.357	25	25
KDM5C	1.33093194355716	20.8280875878657	transcription factor	23	0.54	0.4999	96	18
DNMT3A	0	0.726758142020486	null	15	0.501	0.7141	142	13
ASL	0	1.04474906996159	lyase	12	0.593	0.429	57	49
ADAR	0.18131589287495	2.72803008799384	enzyme modulator	7	0.557	0.679	81	19
PMS2	0.57923373179401	43.164015080941	nucleic acid binding	14	0.506	0.6071	134	81
MEFV	1.04254179221574	31.9436273006315	null	15	0.462	0.7859	209	61
TNNI3	0.143091199807363	12.2830317297867	cytoskeletal protein	5	0.591	0.536	58	47
THRB	0.140086102910016	7.82409288891207	transcription factor	23	0.53	0.75	106	26
GLI2	0.483924415337375	17.5561869694955	null	15	0.467	0.7861	198	17
TUBB4A	0.651521276803244	27.4676757707776	cytoskeletal protein	5	0.672	0.321	26	28
EIF2B5	0.328813267410317	18.3609923018141	transferase	25	0.616	0.357	45	29
KANSL1	0.0528692789519608	17.6172089651784	null	15	0.741	0.25	13	9
GLDC	0.968125435685469	29.5379318903948	oxidoreductase	16	0.616	0.3569	45	88
AR	0.0202986142171622	2.20459285858382	transcription factor	23	0.358	0.857	585	69
STXBP1	0.44132890843311	14.3962831643842	transporter	26	0.565	0.3931	75	23
DNAAF1	0.235568995907744	17.3569119930952	extracellular matrix protein	8	0.758	0.2861	11	8
PMP22	0.597724480033154	28.3366154916235	cytoskeletal protein	5	0.479	0.714	176	25
COL1A2	2.06804626322547	35.4329826799794	null	15	0.455	0.6791	224	103
PLCB4	0.174872610783659	3.42157258812417	signaling molecule	20	0.596	0.536	55	8
FBN1	0.504520087733788	17.380612305724	cell adhesion molecule	2	0.406	0.821	363	378
ABL1	0.019161732935985	0.0104234900570205	transferase	25	0.465	0.786	201	16
MYBPC3	0.471883525810187	22.824426523892	null	15	0.614	0.393	46	328
HNF1B	0.0637567001386468	0.297195875555512	transcription factor	23	0.504	0.6431	137	36
GABRA1	0.246461718169051	3.15589590215541	transporter	26	0.573	0.4289	69	12
ABCA4	0.0293538906012835	1.93497668377709	transporter	26	0.474	0.8571	184	308
KAT6B	0.0495943524270297	12.7863172386243	transcription factor	23	0.496	0.7139	149	17
BRCA1	3.44017631472524	90.296214115951	null	15	0.396	0.929	399	1987
NAGLU	2.79480459758458	37.8849790690557	null	15	0.568	0.5711	73	43
MED12	2.22724906237373	72.2557983003704	transcription factor	23	0.446	0.679	245	14
BRAF	1.72160581104415	23.6610410956393	transferase	25	0.322	0.8571	837	71
COL3A1	1.59672448033835	27.4024980485903	null	15	0.462	0.821	208	354
ACTG1	0.0182453130979432	0.192236125483897	cytoskeletal protein	5	0.612	0.679	47	17
PALB2	0.120294259060806	22.1888732747124	null	15	0.604	0.5	51	110
ABCA12	0.375388561419277	5.51764829369367	transporter	26	0.573	0.5	69	12
GYS2	0.25919080230228	3.42076357379481	null	15	0.721	0.286	16	9
GLI3	0.333485352592624	11.1215907107371	null	15	0.45	0.75	234	40
ACADS	0	1.72554886346097	transferase	25	0.626	0.393	41	35
CDKN2A	0.0482872267841409	0.819553327705006	enzyme modulator	7	0.317	0.9641	877	79
SMARCA4	0.0990900233467943	2.80768737846736	nucleic acid binding	14	0.484	0.75	167	13
SPTA1	4.66515619697022	78.3372370998109	cytoskeletal protein	5	0.676	0.429	25	20
FASN	0.0208627667762955	0.253632293834344	oxidoreductase	16	0.511	0.786	128	4
PRDM16	0.816961398815626	20.2342462175295	transcription factor	23	0.621	0.4999	43	3
APC	0.377057586871571	22.3719717878248	null	15	0.39	0.8571	427	118
APP	0.415792348207126	13.6222513858843	signaling molecule	20	0.415	0.857	333	60
RPGR	1.12718091467827	27.4192743962063	enzyme modulator	7	0.533	0.607	103	32
COL7A1	0.89133716525064	29.9596074570623	null	15	0.517	0.6071	120	47
MAP2K1	0.0660111134303815	5.27569079899425	null	15	0.422	0.821	309	13
ARX	0.108593613021439	0.137922939287572	transcription factor	23	0.606	0.2861	50	39
CFH	1.82072344415184	50.3372978998252	null	15	0.444	0.8929	250	67
VHL	0.283196980357294	20.9504511770803	ligase	11	0.443	0.6791	251	140
VPS13B	0.294378288900814	15.9290887699125	null	15	0.684	0.5359	23	188
SYNE1	0.00855173558546032	1.17182161738017	cytoskeletal protein	5	0.564	0.4999	76	13
TPM1	1.27979094089617	71.861116461313	cytoskeletal protein	5	0.586	0.4999	61	46
TCOF1	0.149728348968565	21.3747084246314	null	15	0.546	0.5711	90	12
ABCC8	1.13199821433327	40.000361079358	transporter	26	0.468	0.6791	197	119
PRPS1	0	0.30175983436853	transferase	25	0.535	0.643	101	21
ABCA1	1.17819809811257	28.3682183220495	transporter	26	0.413	0.9291	339	50
ABCC9	0.522196821830031	21.4938559989872	transporter	26	0.503	0.4639	139	15
CFTR	1.3788655764977	34.6323520405699	transporter	26	0.422	0.8569	308	459
ANO5	0.0843454119459618	0.3756595280189	null	15	0.648	0.3211	33	42
MCPH1	0.0778799229535088	1.56600767579576	nucleic acid binding	14	0.584	0.679	62	12
FLT4	0.821809789531991	11.9140982937239	null	15	0.492	0.7139	155	12
PNPLA6	1.40919402057825	33.1440510188398	hydrolase	9	0.511	0.7139	128	16
COL5A2	0.377865522311767	18.4224981271092	null	15	0.56	0.5709	79	0
NPHS1	2.32189437247024	43.3843126137811	cell junction protein	3	0.56	0.536	79	152
DNM1	0.8521752879953	24.132510927458	cytoskeletal protein	5	0.596	0.3929	55	7
EPHA2	0.157705257335163	13.1704284949531	null	15	0.515	0.6791	123	6
SCN2A	0.799452623603133	28.8605689780161	transporter	26	0.558	0.357	80	31
AARS2	0.282388999379925	3.00011869053606	nucleic acid binding	14	0.698	0.214	20	8
MAP2K2	0.0655745978067546	0.0791725335272932	null	15	0.477	0.607	180	7
ELANE	0.826739063631549	20.64681524119	protease	18	0.482	0.821	171	19
PDHA1	1.39355069028958	30.6446353896817	oxidoreductase	16	0.579	0.429	65	27
CACNA1H	0.454695865964891	28.7862545415199	transporter	26	0.714	0.321	17	15
TUBB3	0	0.422958443614623	cytoskeletal protein	5	0.545	0.679	91	16
ERBB2	1.2204638338577	36.4885067686045	null	15	0.352	0.9291	622	32
ADA	0.00735158668150155	0.308697637303716	hydrolase	9	0.465	0.8571	201	42
SYNE2	0.136577164027381	26.9115351637119	cytoskeletal protein	5	0.657	0.464	30	2
KCNJ2	0.116032595877656	0.109309326715676	null	15	0.528	0.464	108	28
STK11	0.435393929268138	15.8375462509683	null	15	0.463	0.714	207	60
NBN	0.0445520016147481	0.17304464566177	nucleic acid binding	14	0.452	0.821	230	62
CASR	1.44515806327508	32.9850252541384	transporter	26	0.435	0.679	273	85
GALT	0.170050972301346	15.0477918614504	transferase	25	0.566	0.536	74	232
GALC	1.30618028358651	36.9536744685541	null	15	0.579	0.4641	65	64
SLC52A3	1.37315758584316	31.3500138163606	receptor	19	0.698	0.214	20	29
RAI1	0.672308399326312	31.383290836878	transcription factor	23	0.47	0.679	192	10
KCNJ11	6.05582039294053	124.216261254926	null	15	0.498	0.6071	146	40
PKHD1	3.74637784130798	84.2215280567709	cytoskeletal protein	5	0.556	0.607	82	174
ACVRL1	0.297474288620932	13.4660415131643	transferase	25	0.515	0.643	123	25
TP63	0.438661744899794	21.6195153538156	transcription factor	23	0.387	0.821	439	38
FKRP	0.614851146944726	19.7952351978256	null	15	0.639	0.357	36	32
AGL	0.413977506350747	19.6280166874714	transferase	25	0.596	0.4999	55	73
BEST1	0.267831302609301	13.0322484321453	transporter	26	0.484	0.6071	167	101
RANBP2	0.0618349968875439	9.71631779504824	enzyme modulator	7	0.668	0.4639	27	4
COL5A1	0.192664348761594	15.5267137974414	null	15	0.506	0.7139	134	23
PTEN	0.0016573841860536	1.90499583531828	phosphatase	17	0.324	0.8571	818	166
DNM2	1.31821704550569	18.2129202850941	cytoskeletal protein	5	0.491	0.75	156	17
SMARCA2	0.205084672413654	6.0518392169638	nucleic acid binding	14	0.542	0.6431	94	36
SCN10A	0.876401923800237	46.8790680738978	transporter	26	0.626	0.4289	41	10
OCA2	0.106999156975068	0.203827724542187	transporter	26	0.546	0.7859	90	57
PDGFRA	0.39393834784562	12.4761343430693	null	15	0.44	0.7861	260	11
SCN5A	0.795316386291397	33.1898235547474	transporter	26	0.497	0.643	147	254
PHEX	0.0176025572014283	3.38289345177709	protease	18	0.546	0.6431	90	17
HCN4	6.61111044827081	114.621443168891	transporter	26	0.688	0.1431	22	8
TTR	0.531720184259386	21.6346997003221	transfer/carrier protein	24	0.455	0.929	223	57
CLPB	1.48033845075279	29.718919556373	protease	18	0.734	0.4291	14	19
MUT	0.447921054394041	21.1965522840755	isomerase	10	0.55	0.643	87	109
GNAO1	0.0319854894523827	0.0516979431799826	enzyme modulator	7	0.576	0.6069	67	9
PCNT	0.0489187968558588	6.72421803220591	enzyme modulator	7	0.492	0.679	155	24
UMOD	1.20131195889801	25.269375652147	null	15	0.573	0.571	69	18
DNAH5	0.74844340016322	31.2356326594432	cytoskeletal protein	5	0.68	0.429	24	48
TGFBR1	0.0380927434466267	10.5445741435361	transferase	25	0.463	0.786	206	23
GBA	0.663183222827206	21.2921986720957	null	15	0.446	0.7139	244	119
ATP1A3	0.165069421646071	7.4564410905147	transporter	26	0.552	0.393	85	48
HSPG2	0.0318816379867336	0.880135646212333	extracellular matrix protein	8	0.434	0.821	275	8
SMC1A	0.0173373109080117	0.0272666596788334	nucleic acid binding	14	0.506	0.6431	135	31
EGFR	0.0727420563919359	8.62285138733815	null	15	0.317	0.929	876	58
AFG3L2	0.290214076223956	6.66389317507083	null	15	0.586	0.393	61	14
WDR19	1.56939676194093	25.1796925733339	null	15	0.654	0.5001	31	17
MSH2	1.55673024871615	33.7079775152214	nucleic acid binding	14	0.418	0.857	323	517
PYGM	0.0458802219113396	0.749266162085918	transferase	25	0.636	0.3929	37	52
PURA	0.0149595914887008	0.0643663039449191	transcription factor	23	0.621	0.3569	43	12
SLC6A5	1.79436027794021	47.1343086362333	transporter	26	0.654	0.4639	31	12
TRDN	0.577813200284508	27.1992430457752	null	15	0.676	0.4291	25	3
LOXHD1	0.285992023411184	23.919246505528	signaling molecule	20	0.86	0.143	4	0
GJB2	1.65517929270546	38.6015803712981	cell junction protein	3	0.45	0.857	235	99
ATP1A2	0.277082702790386	14.1026338149659	transporter	26	0.573	0.321	69	20
APOB	0.106348917496457	1.86640041617264	null	15	0.434	0.75	274	42
G6PC	0.376383463701849	14.3549121007198	phosphatase	17	0.538	0.5	98	37
CTNNB1	0.165557492633098	6.1018085838726	cell adhesion molecule	2	0.408	0.8209	354	20
RAD51D	0.820519102684893	51.4700767018656	nucleic acid binding	14	0.693	0.429	21	6
ACTA1	0	0.322751322751323	cytoskeletal protein	5	0.507	0.6789	133	25
SLC2A1	0.674847067526353	16.3925002007375	null	15	0.429	0.786	290	46
SPATA5	0.73145623165201	25.22847439532	null	15	0.804	0.2861	7	11
EP300	0.0903249244886475	1.89444882145034	transcription factor	23	0.426	0.857	297	5
WHRN	0.0199643107783671	0.246795491884556	cytoskeletal protein	5	0.616	0.3569	45	4
COL2A1	1.54322398485153	33.9125327259513	null	15	0.394	0.7499	410	79
MYH9	1.1175037879917	22.8848846330117	cell junction protein	3	0.507	0.75	133	28
CBS	0.411949598770291	15.7921187767804	isomerase	10	0.456	0.821	220	65
POLG	1.11466804495237	44.1271712363061	transferase	25	0.434	0.7861	276	54
BRIP1	0.120536865320864	11.4649972652773	nucleic acid binding	14	0.608	0.5361	49	53
PDGFRB	0.377166305744531	5.41300235456677	null	15	0.42	0.714	317	12
POLE	0.353318012843744	17.9494236961231	null	15	0.598	0.536	54	2
RP1L1	0.440341654084926	40.5827577493614	receptor	19	0.804	0.0711	7	4
SCN9A	1.0927470919576	45.9346430603631	transporter	26	0.506	0.607	135	37
DES	1.25570316341014	27.1250240767179	cytoskeletal protein	5	0.473	0.821	186	46
TUBB2B	0.107784124064114	4.96065089039144	cytoskeletal protein	5	0.703	0.3211	19	4
EHMT1	0.680594423514209	38.73857710043	transferase	25	0.61	0.607	48	22
WFS1	2.19907532573812	57.8008527332016	null	15	0.506	0.6431	134	58
GDAP1	0.102718279808467	8.81959546716611	oxidoreductase	16	0.557	0.3209	81	20
TRPV3	1.69592622082297	33.7712582939931	transporter	26	0.709	0.25	18	5
DYRK1A	0.436865684161192	18.2693847361285	transferase	25	0.568	0.4999	73	10
COL4A5	1.31018479545123	26.5485971675655	null	15	0.545	0.679	91	500
TGFBR2	1.00950190881499	27.7423848344363	transferase	25	0.417	0.8571	324	48
LPL	0.168980356166718	28.9732526850995	storage protein	21	0.452	0.821	230	62
SLC12A3	1.72953957890133	39.1732943397437	null	15	0.538	0.7139	98	94
TWNK	8.14906526362419	174.148575520342	nucleic acid binding	14	0.6	0.5	53	26
KCNT1	1.44290554733424	52.1303355364634	null	15	0.721	0.1789	16	12
GFAP	0.546677910209601	16.0259055700607	cytoskeletal protein	5	0.464	0.786	205	91
PRKAG2	0.134294341114403	1.35461045249491	enzyme modulator	7	0.572	0.5361	70	26
MTOR	0.423071132020464	20.5689192974208	transferase	25	0.399	0.8569	389	14
HRAS	0.0569694708346416	0.0654214427856002	enzyme modulator	7	0.378	0.8569	480	20
DSG2	0.372496682801026	26.6546395287139	cell adhesion molecule	2	0.633	0.464	38	30
CHD7	0.803110731185767	26.4753952985163	nucleic acid binding	14	0.456	0.7501	220	106
GJB1	0.00784979440534607	7.10104544098168	cell junction protein	3	0.503	0.679	138	49
COL4A4	1.21988636450111	29.1835974886802	null	15	0.604	0.4291	51	16
FANCA	0.343885906968913	20.4061026041047	null	15	0.527	0.679	109	43
F5	2.81211715824289	52.0126688095025	cell adhesion molecule	2	0.401	0.821	383	19
BMPR2	0.832801036998767	19.2780488963969	transferase	25	0.537	0.6431	99	28
MUSK	1.46388155494065	40.9355329284448	null	15	0.536	0.571	100	10
ACTB	0.00492899989491784	0.0980200630257442	cytoskeletal protein	5	0.436	0.893	268	17
PCDH19	0.0775819133151095	1.4537588976793	cell adhesion molecule	2	0.684	0.1789	23	17
MUTYH	0.116321950455503	0.111795485421011	nucleic acid binding	14	0.536	0.7139	100	73
MLH1	1.16036993023983	34.4401666936162	nucleic acid binding	14	0.408	0.7859	356	562
OTC	0.210171191367079	16.6969901682149	transferase	25	0.568	0.6791	73	120
LDB3	0.0268250794397735	0.370379925074004	transcription factor	23	0.651	0.179	32	10
AHI1	1.63886193300451	27.3912118161151	enzyme modulator	7	0.528	0.714	108	49
FGFR2	0.0309617995447435	0.607748658669066	null	15	0.352	0.8569	618	58
RELN	1.12039058645762	25.4170484874783	null	15	0.546	0.6791	90	17
NOTCH1	0.0397580873689836	0.127275318514973	defense/immunity protein	6	0.407	0.7499	360	31
ERCC6	0.726958147171323	33.1837309955995	nucleic acid binding	14	0.436	0.7861	270	43
ELN	0.541911483052521	20.0935086171364	null	15	0.399	0.75	390	35
BCKDHA	1.72503288151067	28.0884428034967	oxidoreductase	16	0.645	0.2501	34	35
COL6A2	1.58691772031793	42.8120350815293	null	15	0.536	0.4641	100	53
CHEK2	0.0597301548320656	0.163768316469623	null	15	0.479	0.7141	175	71
IDUA	3.74172904928921	77.0864364095142	hydrolase	9	0.466	0.7139	200	57
PIEZO2	2.43671367087707	36.8163229463339	null	15	0.804	0.214	7	13
COL6A3	0.636906702856308	24.8212300240683	transporter	26	0.523	0.5361	114	39
ENG	0.504650083204151	20.319960221247	receptor	19	0.447	0.786	242	18
SLC4A1	0.67776565203887	29.1113522441198	transporter	26	0.553	0.6071	84	30
PTCH1	0.0725299795496225	0.543796872064052	receptor	19	0.404	0.75	371	42
CHD2	0.0646407167465572	11.1395893885681	nucleic acid binding	14	0.581	0.321	64	24
GARS	0.161741467722495	1.95759563980025	ligase	11	0.621	0.393	43	10
GNE	0.0424222142050279	0.24518516692358	transcription factor	23	0.543	0.464	93	54
COL4A1	1.34723590187152	33.8615882066948	null	15	0.501	0.6789	142	30
LAMC3	0	1.88481756205971	extracellular matrix protein	8	0.758	0.214	11	2
NF1	1.19122031391815	35.2203257973542	enzyme modulator	7	0.434	0.786	274	209
POLD1	0.226499360916613	24.8372461975246	null	15	0.51	0.714	129	5
FGFR3	0.80459578664665	15.9567224433829	null	15	0.367	0.821	536	39
TYR	0.0523633663329924	16.9462774654584	null	15	0.481	0.821	173	91
SOD1	0.000902783170942838	4.39010363224169	oxidoreductase	16	0.398	0.964	393	45
GALNS	1.65059354452282	26.4937146036261	hydrolase	9	0.538	0.75	98	65
OAT	0.0532245278074545	0.18370838271148	transferase	25	0.612	0.5	47	63
ALK	0.900588355047275	16.7387427571553	null	15	0.443	0.75	252	18
SH3TC2	0.104526883423523	2.1320547334648	null	15	0.714	0.1789	17	24
SLC2A10	0.613810475764921	18.4100560846437	null	15	0.654	0.5361	31	20
SCN8A	0.921807283372915	24.4977831038938	transporter	26	0.525	0.6431	111	40
ATM	0.443672824233014	23.6333770058908	transferase	25	0.375	0.893	493	276
GLRA1	1.10978222597075	26.5452506116388	transporter	26	0.636	0.25	37	25
OTOG	0.526197702447074	40.9763833871973	cell adhesion molecule	2	0.889	-1e-04	3	2
TMEM67	1.65071852882307	43.5526642623179	null	15	0.657	0.393	30	77
FGFR1	0.345655876765238	14.7751694641569	null	15	0.372	0.8209	508	69
EVC	0.3741718518384	17.7960124524519	null	15	0.541	0.571	95	9
COL4A3	1.75450396138564	38.1785669195936	null	15	0.543	0.643	93	21
NLRP12	0.0500522198283622	15.7514864759055	transcription factor	23	0.684	0.429	23	2
COL18A1	0.343916303114168	49.8320228688006	null	15	0.488	0.714	160	9
BCKDHB	0.0519109524983742	8.9444304435583	transferase	25	0.619	0.5711	44	50
ALAS2	1.14370929670187	22.7548462364311	transferase	25	0.596	0.429	55	20
COL6A1	1.51223850534986	35.553400711009	null	15	0.54	0.571	96	42
HMCN1	0.00805556410901451	10.1271627989528	cell adhesion molecule	2	0.819	0.321	6	2
TNXB	2.31487729382275	31.6712982884792	signaling molecule	20	0.551	0.643	86	28
SLC6A1	0.497920886811948	22.4466969454097	transporter	26	0.628	0.2501	40	5
MSH6	0.139405923222154	15.9152511612451	nucleic acid binding	14	0.474	0.6069	185	224
PIEZO1	2.27710224581861	43.2462311651204	null	15	0.68	0.5709	24	12
EBP	1.23441919299331	33.6929655913351	isomerase	10	0.475	0.7501	183	39
AGXT	0.427126211459045	19.2803010116752	transferase	25	0.591	0.6069	58	165
FOXG1	0.0742982364475334	0.42869889960792	transcription factor	23	0.495	0.536	150	33
COL4A2	0.415669876525394	24.0255633298301	null	15	0.589	0.607	59	6
GCDH	0.0924625074127205	6.17212606667499	transferase	25	0.591	0.2501	58	70
DNAH1	0.947745555117199	21.796906751413	cytoskeletal protein	5	0.889	0.179	3	1
NOTCH3	5.1507403278685	80.3032712803159	defense/immunity protein	6	0.43	0.7501	286	37
GLB1	1.50675515340015	28.5664050636169	hydrolase	9	0.414	0.893	334	58
TRPV4	1.55666718068237	26.7320370823064	transporter	26	0.548	0.536	89	51
PCSK9	1.3573898068065	29.1876646254906	null	15	0.573	0.4641	69	33
RIT1	0.764706015722113	14.8636140886829	enzyme modulator	7	0.541	0.5001	95	14
PMM2	0.0513839338713467	8.70621047394724	isomerase	10	0.522	0.607	115	56
TMPRSS3	0.594282294142045	17.7597541888733	protease	18	0.676	0.393	25	19
SMPD1	1.25764099932825	22.2206544268028	hydrolase	9	0.509	0.786	131	73
OTOF	0.93763725842078	22.2365343472928	membrane traffic protein	13	0.688	0.2141	22	93
MLH3	0.0827905524116393	0.138456336467171	nucleic acid binding	14	0.589	0.464	59	14
CRB1	0.033553914085071	1.08707584808232	null	15	0.556	0.464	82	55
SCN4A	2.55574691181146	47.678376518961	transporter	26	0.54	0.429	96	45
ZNF469	1.80443126077643	45.4763243506236	null	15	0.741	0.25	13	6
FAT4	0.850655807468223	28.4963935311221	null	15	0.657	0.357	30	15
TMEM43	0.237749540593933	4.07430678404231	null	15	0.734	0.3571	14	6
GNAS	0.0255850951728618	0.0507328970076224	enzyme modulator	7	0.401	0.8211	381	21
CBL	0.102302351085589	1.86402829387302	ligase	11	0.507	0.6431	133	13
STAT3	0.812025333542665	32.8617642143695	transcription factor	23	0.355	0.893	601	39
KBTBD13	3.92998671505907	123.156555536232	null	15	0.86	0.0709	4	2
ACTC1	0	0.349790362402481	cytoskeletal protein	5	0.636	0.393	37	17
FH	0.135369609799951	9.87920487974853	lyase	12	0.514	0.679	124	37
APOA1	1.06497437356715	20.0037297783771	null	15	0.443	0.857	251	11
SPG7	0.123985208280788	5.0151292645307	null	15	0.517	0.7141	121	18
RARS2	0.130625059603637	4.15070047379501	null	15	0.698	0.321	20	4
TBX5	0.871623303859239	18.1052869197565	transcription factor	23	0.562	0.5711	77	17
INS	0.0270457626206921	0.0451431079503634	null	15	0.443	0.8209	251	29
RPS6KA3	0.733375338246898	22.827574250043	transfer/carrier protein	24	0.456	0.714	221	16
MED13L	0.390562233431058	7.4981510993929	null	15	0.714	0.357	17	5
CC2D2A	3.5541513134118	55.9541630288384	null	15	0.693	0.393	21	63
SALL1	0.422624788654712	27.16760630277	transcription factor	23	0.544	0.679	92	6
IL2RG	0.511261049991645	15.6875088878595	defense/immunity protein	6	0.517	0.7861	120	22
MECP2	0.193804476831224	3.29023026175578	transferase	25	0.413	0.857	337	296
WNK4	1.50187976756571	38.5786567001991	transferase	25	0.714	0.3569	17	5
NALCN	0.809375704729617	21.5172186398643	transporter	26	0.693	0.2499	21	20
NOD2	1.41426085192085	30.1802392241077	transcription factor	23	0.42	0.8929	315	43
LRP4	2.22372594977102	42.5755740163914	extracellular matrix protein	8	0.566	0.4289	74	11
RB1	1.5265604135617	15.9979103115175	transcription factor	23	0.451	0.857	233	100
LRP5	1.22381263329513	31.5213688196106	extracellular matrix protein	8	0.463	0.786	207	56
ABCD1	1.29568578022606	23.1599524417576	transporter	26	0.546	0.75	90	53
SGSH	2.41789069960788	39.2502646848712	hydrolase	9	0.61	0.321	48	38
MTM1	0.930970947218783	10.4225859708947	phosphatase	17	0.543	0.5361	93	144
MYOM1	0.140062077891435	22.7857200980445	cell adhesion molecule	2	1	0.0709	1	0
GCH1	0.119033817476086	11.3128496688702	hydrolase	9	0.479	0.7141	175	20
LRPPRC	0.0477091363965115	0.224952296600442	transporter	26	0.507	0.7499	133	8
PAH	0.0302679275436991	6.8545943935323	null	15	0.514	0.571	124	303
PLEC	0.432010425172388	56.8256620947922	cytoskeletal protein	5	0.503	0.714	138	19
LAMA4	0.59116900991376	53.8098597495199	null	15	0.709	0.2859	18	2
HEXA	1.11212370365422	27.68724242207	hydrolase	9	0.589	0.5709	59	78
ASS1	0.0789704373876474	10.8761513553847	ligase	11	0.518	0.7501	119	54
CPT2	1.17322012755864	18.2168028996502	transferase	25	0.503	0.5709	139	49
TSHZ1	0.160133650173305	18.5461438030322	transcription factor	23	0.565	0.6791	75	3
SKI	0.176639065344635	1.81364268734919	null	15	0.483	0.7139	169	11
KMT2A	1.11340961721565	36.4389503901986	transferase	25	0.458	0.714	216	20
CEP290	0.0476827147596372	11.3291815854709	null	15	0.612	0.464	47	62
HMBS	0.165031981981133	11.5550158288397	hydrolase	9	0.538	0.607	98	35
RUNX1	1.13873501004125	28.9767483119437	transcription factor	23	0.451	0.821	233	17
AIFM1	0.0266972028689319	0.0902852835840389	oxidoreductase	16	0.512	0.643	127	20
IRF6	1.28007266883268	29.100276337985	transcription factor	23	0.534	0.643	102	23
DYNC2H1	1.88265637125415	40.2825480717792	cytoskeletal protein	5	0.709	0.4289	18	44
FANCI	0.332967431052522	19.7012618286789	null	15	0.645	0.429	34	7
OPA1	2.43879624009858	55.7682336045411	cytoskeletal protein	5	0.508	0.571	132	64
C5orf42	0.375821089758752	7.88021201649573	null	15	0.734	0.1791	14	51
DNAH11	0.111866510630389	20.4826285560378	cytoskeletal protein	5	0.709	0.357	18	25
HSD17B4	1.37551787616268	34.788439193325	null	15	0.496	0.643	148	29
POMT1	2.34363206164657	40.3897569615279	null	15	0.504	0.4639	137	26
MYO7A	1.56109881451185	42.6612485809071	cell junction protein	3	0.573	0.393	69	134
MYH11	0.626326784818515	20.7641335225172	cell junction protein	3	0.542	0.5	94	10
CAV3	0.0588204506559107	3.24743689554541	membrane traffic protein	13	0.55	0.607	87	28
CDH1	0.0163973972165456	5.55788306207758	null	15	0.43	0.786	286	73
SMAD4	0.00891074592481429	1.77819495181743	transcription factor	23	0.407	0.8209	360	101
RTTN	0.328215961129714	26.2705731627671	null	15	0.703	0.1791	19	7
SH3BP2	2.01582616488862	40.8634154934632	null	15	0.623	0.5	42	4
SRD5A2	0.0839166344785176	7.68494713268222	oxidoreductase	16	0.552	0.5001	85	20
AKAP9	0.225619742949127	31.5944041442127	enzyme modulator	7	0.693	0.393	21	9
CYP11B1	0.85223920388123	23.4733362229325	null	15	0.53	0.5361	106	38
ALMS1	0.0520409743308437	18.0045434898632	null	15	0.525	0.643	111	20
HOGA1	0.00738638030420929	1.15315283828286	lyase	12	0.86	0.1429	4	29
GLA	0.317512882016793	13.6990800825674	null	15	0.515	0.607	123	171
ANK2	0.0598793050162026	0.325001626720137	cytoskeletal protein	5	0.639	0.3931	36	11
ALPL	0.533184719894479	21.7911430800009	hydrolase	9	0.514	0.75	124	75
CLCN1	0.705862414039284	27.5962123803556	transporter	26	0.623	0.3571	42	52
TNNT2	0.355827686338108	19.0075351309871	cytoskeletal protein	5	0.612	0.2501	47	54
MYH3	0.741946372954747	32.2196158244935	cell junction protein	3	0.509	0.464	131	15
TTN	0.222459314379873	22.0837159126816	cell adhesion molecule	2	0.514	0.643	124	313
STAT1	0.800825511761359	19.9581540564074	transcription factor	23	0.417	0.893	325	29
TRPM1	1.41243070153167	59.5312181752239	transporter	26	0.664	0.3211	28	17
BAG3	0.0920703917857727	0.247298704006655	null	15	0.524	0.75	112	15
KIF1A	0.340529170805737	17.0901650574888	cytoskeletal protein	5	0.501	0.571	142	16
TSC2	0.308417198125375	8.74103516713378	null	15	0.454	0.7861	225	142
KMT2D	0.297506898601117	19.0895921227479	transferase	25	0.478	0.75	177	128
SPAST	0.446554535920986	23.0047899099796	cytoskeletal protein	5	0.548	0.536	89	42
PC	0	1.09003523946725	ligase	11	0.54	0.75	96	14
MEN1	0.686299129517244	15.3530917232436	null	15	0.438	0.714	264	64
MYH7	0.0132425437456217	0.807596241489146	cell junction protein	3	0.498	0.6069	146	260
RYR1	4.08599911896972	121.954560549036	transporter	26	0.484	0.7859	168	207
F8	0.769692632154719	21.9443833063794	cell adhesion molecule	2	0.538	0.7501	98	237
SYNGAP1	0.0830899095995528	0.995728420736319	enzyme modulator	7	0.636	0.286	37	18
NDP	0.459507788072064	12.1774654450165	null	15	0.544	0.5359	92	24
PRNP	2.10093306484109	26.8912921406461	null	15	0.433	0.929	278	36
SPG11	0.507582425727782	27.148966057473	null	15	0.639	0.3931	36	95
PROC	0.00494339741897301	0.0554435494751337	defense/immunity protein	6	0.582	0.6429	63	39
MC4R	0.0223786465781634	0.595351866944401	receptor	19	0.538	0.6789	98	49
MYH14	0.678252906530296	18.1754500901537	cell junction protein	3	0.676	0.571	25	10
LRP2	0.196740433246264	10.9683589134252	extracellular matrix protein	8	0.503	0.679	139	20
TPP1	1.3513634286037	23.5235808761799	protease	18	0.587	0.5	60	48
L1CAM	1.81264852718479	22.0864025860911	cell adhesion molecule	2	0.486	0.679	164	23
IVD	0.276315701813474	14.4198140256931	transferase	25	0.657	0.393	30	22
IGHMBP2	3.19909491744672	63.2057879490357	null	15	0.573	0.429	69	30
HNF4A	0.302145253291883	18.2073795478449	transcription factor	23	0.454	0.7499	226	41
GRIN2A	0.555477526298854	22.9725702002453	transporter	26	0.552	0.4639	85	20
FBXL4	0.660454586298065	20.9245862575524	null	15	0.586	0.2139	61	8
UBE3A	1.87505459857145	33.6529634892715	ligase	11	0.517	0.4639	121	114
KCNB1	1.10129014045175	25.2341822544022	null	15	0.693	0.2861	21	5
GJA1	0.382280429956017	18.3913812518644	cell junction protein	3	0.377	0.857	484	22
GCK	0.00187907991125785	0.27195795907163	null	15	0.498	0.571	146	118
SLX4	0.0300379357906022	2.65419269592284	null	15	0.768	0.25	10	3
LAMA2	0.479845883899793	19.6289084736255	extracellular matrix protein	8	0.531	0.6429	105	53
ITPR1	0.515960020532869	19.7731632263386	transporter	26	0.56	0.7141	79	14
NEB	0.0229169056005211	0.148026941447307	null	15	0.582	0.429	63	27
BARD1	0.0252167394907056	0.251042181249781	null	15	0.623	0.4291	42	26
AVPR2	1.43192299897567	24.7104618588368	receptor	19	0.575	0.429	68	32
COQ8A	0.675720182810362	21.7244101987193	null	15	0.79	0.071	8	22
F9	0.419685371928606	12.0498317006383	protease	18	0.491	0.7859	156	77
COL12A1	1.10056279548244	37.7999729312272	transporter	26	0.626	0.3211	41	3
FANCM	0.0272297186696254	0.695469378346524	nucleic acid binding	14	0.768	0.2141	10	1
FRAS1	0.486989450608529	49.3800095430234	transporter	26	0.75	0.3211	12	14
PCDH15	0.49454328772963	21.8169109484705	cell adhesion molecule	2	0.68	0.2859	24	55
ADSL	0.0372391973316044	6.34551777855826	lyase	12	0.55	0.429	87	20
ASPM	0.352340321905512	48.1572666609021	cytoskeletal protein	5	0.602	0.6791	52	120
MYH6	0.2608334251031	17.5202196900044	cell junction protein	3	0.602	0.6429	52	9
DYSF	2.56009497860116	47.0840806045792	membrane traffic protein	13	0.564	0.571	76	144
MBD5	0.09370724007524	10.2775176743026	null	15	0.688	0.429	22	0
TCF4	0.0969485184536349	2.5960933891426	transcription factor	23	0.479	0.643	176	45
SOS1	2.6387334417222	44.6970759423127	enzyme modulator	7	0.475	0.7499	183	32
TSC1	0.0596969497545887	0.122562721873882	null	15	0.366	0.8209	542	60
CDK5RAP2	0.0222572259139375	1.35651589225459	cell junction protein	3	0.734	0.3211	14	3
ATL1	0.0917391581580752	0.0483236003858956	enzyme modulator	7	0.57	0.643	71	17
COL10A1	1.78961951265616	38.9876310394193	extracellular matrix protein	8	0.596	0.3571	55	16
HUWE1	1.27674268104931	45.082208379875	ligase	11	0.626	0.5	41	5
PAX6	0	0.283263009845288	transcription factor	23	0.457	0.75	219	26
EZH2	0.0216471206460443	0.052586633099458	transferase	25	0.401	0.821	381	20
RYR2	0.5575786155113	23.7666478070233	transporter	26	0.541	0.571	95	49
FARS2	1.08404933467471	22.822513825877	ligase	11	0.626	0.3211	41	4
MUC5B	0.0606768237568052	19.0347511000795	cell adhesion molecule	2	0.576	0.679	67	2
PLA2G6	0.280463282821262	14.0712094151971	enzyme modulator	7	0.439	0.8209	262	29
TYMP	1.15291015993273	35.1191475053498	transferase	25	0.488	0.679	160	16
TERT	3.11354792386173	76.8082808507378	nucleic acid binding	14	0.371	0.857	514	62
SMCHD1	3.08743448581388	47.7449905534912	null	15	0.612	0.5709	47	11
GAA	1.72295643233833	39.1047529995883	hydrolase	9	0.517	0.714	120	134
WNK1	0.0576640947114664	3.7996441008374	transferase	25	0.47	0.7861	192	7
RTEL1	3.20981901017191	44.0478552600493	nucleic acid binding	14	0.466	0.7861	200	28
ADGRV1	0.184267701795024	21.9486747910092	transporter	26	0.672	0.3931	26	34
ANKRD11	0.314654656584408	20.5527646050333	null	15	0.551	0.429	86	11
DICER1	0.272935084954244	10.1011668424858	null	15	0.481	0.7861	173	92
PLP1	0	0.29136690647482	structural protein	22	0.515	0.6069	123	23
GRIN2B	0.115846429172308	0.90561204046742	transporter	26	0.539	0.464	97	38
HPRT1	0.00394910137439393	0.0493885071967264	transferase	25	0.488	0.8571	160	35
ZFYVE26	0.000462764867732135	1.33613172257388	null	15	0.598	0.536	54	7
EYS	2.26522691624557	67.9362979480525	defense/immunity protein	6	0.819	0.1429	6	44
DNAH8	0.112764010355627	15.3514877783588	cytoskeletal protein	5	0.409	0.893	351	4
COMP	1.45458764448414	26.0101586139651	null	15	0.508	0.607	132	26
TTC21B	0.161375854948756	3.38769726253637	null	15	0.768	0.3211	10	13
SPTBN2	0.405182869044557	25.4089054573919	cytoskeletal protein	5	0.61	0.3211	48	4
RRM2B	1.09715562319948	18.6872912710756	oxidoreductase	16	0.538	0.607	98	17
PDE6B	0.886318783170288	22.9282793285151	hydrolase	9	0.591	0.393	58	23
F11	0.0206473706244116	0.140863817121298	protease	18	0.626	0.393	41	96
LDLR	1.6690438020759	121.954573136127	extracellular matrix protein	8	0.448	0.857	238	1107
RYR3	0.0258310023542277	0.140434005989384	transporter	26	0.684	0.3931	23	2
CSF1R	2.34162271852464	56.0136104119123	null	15	0.484	0.6789	168	44
DSP	0.300813721770317	18.177075566267	cytoskeletal protein	5	0.517	0.4639	120	72
VWF	1.85375385130751	37.6499426504097	cell adhesion molecule	2	0.443	0.821	251	96
NIPBL	0.213670190586863	5.37250099234418	nucleic acid binding	14	0.484	0.679	167	233
CDKL5	0.340488930768762	4.47854670052985	transferase	25	0.52	0.5001	117	123
NPC1	2.24337639754071	41.75332019993	receptor	19	0.503	0.7139	139	130
CACNA1S	0.853711759200442	25.556403762158	transporter	26	0.596	0.6069	55	13
USH2A	0.786515086806443	33.3533162699972	extracellular matrix protein	8	0.578	0.4289	66	158
ACAD9	0.318864026440719	15.7578815424202	transferase	25	0.642	0.321	35	11
SDHB	0.257001169333758	22.8376120313481	oxidoreductase	16	0.472	0.7501	189	35
TECTA	1.81589974264779	43.2591382860298	cell adhesion molecule	2	0.709	0.1431	18	25
PALLD	0.0375903310347935	4.35421501888022	cell adhesion molecule	2	0.648	0.5	33	2
NEBL	0.0344410117507921	1.72740619346905	null	15	0.86	0.0711	4	3
CYBB	0.0127321651073193	0.0196052040956587	oxidoreductase	16	0.478	0.786	177	65
IDS	1.61772930156095	22.7116538883348	hydrolase	9	0.543	0.6429	93	65
ARHGAP31	0.0591680062000109	5.54827486408231	null	15	0.86	0.1071	4	1
PRKN	0.509910191131587	21.6466222572823	ligase	11	0.461	0.7499	210	44
MYO1A	0.00388507698708696	4.49477723554503	cell junction protein	3	0.709	0.286	18	0
FLNB	2.01392649581412	36.7133605792243	cytoskeletal protein	5	0.438	0.893	265	37
SERPINA1	0.517201385398969	33.7078474929531	enzyme modulator	7	0.431	0.857	283	26
AGRN	0.589489969327815	17.3165313819459	extracellular matrix protein	8	0.779	0.1431	9	8
TBC1D24	0.910173937077191	16.5185963750959	enzyme modulator	7	0.676	0.25	25	20
ABCC6	0.000433341068357877	2.56641515884673	transporter	26	0.536	0.6071	100	92
FLNC	0.559341657462584	16.1027854108618	cytoskeletal protein	5	0.581	0.5	64	3
FYCO1	0.100745959033908	1.44617693445274	chaperone	4	0.819	0.071	6	4
A2ML1	0.016821247107273	1.15366334533076	defense/immunity protein	6	0.68	0.536	24	0
CHRNA1	0.6032143476779	23.5851534553517	transporter	26	0.53	0.6431	106	12
TP53	1.14904117811014	46.5969323397946	transcription factor	23	0.252	0.9641	1677	211
BCS1L	0.289106215901996	15.0074784362208	null	15	0.501	0.6431	141	31
ATP7B	0.692714553157992	27.08108276074	transporter	26	0.498	0.714	145	184
SCN1B	5.15544277310907	141.09389071537	transporter	26	0.606	0.3211	50	8
CUBN	0.689208610818639	28.112032175415	cell adhesion molecule	2	0.604	0.607	51	37
TSHR	1.49609895536755	35.0294054712686	extracellular matrix protein	8	0.468	0.821	196	50
SDHA	1.13450362593289	36.7675765617574	oxidoreductase	16	0.512	0.607	127	17
INPP5E	1.26428116845449	26.5501382513661	phosphatase	17	0.703	0.464	19	21
SETX	0.885362307683272	28.35202922553	hydrolase	9	0.56	0.714	79	26
FLNA	0.173454935146481	1.84613113496289	cytoskeletal protein	5	0.38	0.8569	469	72
PIK3CA	0.0145425922857839	3.7331705865501	transferase	25	0.329	0.8931	779	39
SRCAP	0.012185190418499	0.805789083862903	nucleic acid binding	14	0.566	0.4999	74	6
MAPT	1.93043300768728	30.1669934766054	null	15	0.445	0.75	247	50
KRT5	1.05204798324839	28.4545969271122	cytoskeletal protein	5	0.501	0.6791	141	51
RET	0.132224953300895	0.786541653561159	null	15	0.389	0.7861	431	105
SLC22A5	0.311558430712084	13.0993890185239	transfer/carrier protein	24	0.568	0.786	73	76
IFT140	0.271347737857899	5.87956954631393	cytoskeletal protein	5	0.55	0.536	87	13
CASK	0.138834939017499	5.06287804039251	cell junction protein	3	0.532	0.4639	104	27
PRKDC	0.64711879531872	20.2906334762052	transferase	25	0.536	0.75	100	9
KIT	0.366533499769521	11.1446646142621	null	15	0.386	0.7499	442	34
RAF1	0.574467462449031	16.9376199969199	transferase	25	0.422	0.8209	308	28
DYNC1H1	0.178550124488016	6.76897863354334	cytoskeletal protein	5	0.553	0.4999	84	19
SLC19A3	0.0351777105771855	0.331966267408722	transporter	26	0.703	0.357	19	8
PKP2	0.791951968236784	30.3780140378115	cytoskeletal protein	5	0.664	0.179	28	57
TGM1	0.0121038058496451	8.39104617052895	transferase	25	0.56	0.6789	79	41
CAPN3	1.44089380887702	22.0256533870103	calcium-binding protein	1	0.591	0.5001	58	104
GRIN1	0	0.275385365632136	null	15	0.598	0.464	54	4
PSEN1	0.261501929225985	12.92128567994	signaling molecule	20	0.446	0.821	243	109
SETBP1	0.853243405435033	31.2733178787165	transferase	25	0.496	0.6789	148	6
INSR	3.26405880386747	52.5243898736793	null	15	0.43	0.7141	287	59
LMNA	0.0887192749696715	8.15303171298803	cytoskeletal protein	5	0.343	0.7501	679	203
PTPN11	0.225849824994795	7.9899131468783	phosphatase	17	0.398	0.821	392	80
ATP7A	0.211971032981036	4.33529851476174	transporter	26	0.46	0.714	212	88
COL9A3	0.0357129796303866	0.263558807486273	null	15	0.562	0.5359	77	1
ACADM	0.0714646716208313	8.41061319131003	transferase	25	0.614	0.321	46	78
INF2	0.0767489438355484	0.246307756476655	cytoskeletal protein	5	0.721	0.2499	16	11
DCX	0.00608507981230481	0.125838196464532	null	15	0.548	0.464	89	21
SCN1A	1.59223077564034	32.9212532215328	transporter	26	0.495	0.5	150	416
CREBBP	0.875373584900707	21.3518193456871	transcription factor	23	0.409	0.8929	353	80
DMD	0.662014214082829	21.3917402160581	cytoskeletal protein	5	0.445	0.7499	246	400
CCDC114	0.0596861804736824	0.623493338325856	null	15	0.838	0.1429	5	1
SPTAN1	0.0140272056036705	10.390141984267	cytoskeletal protein	5	0.598	0.607	54	1
SDHD	0.217122055524978	20.2742676189141	null	15	0.457	0.7859	219	24
HBB	0.161453409071657	0.0767565949348464	transfer/carrier protein	24	0.466	0.8209	199	105
RBM20	2.59110598739656	105.44049142441	null	15	0.75	0.143	12	9
TJP2	0.327661610997217	18.0543725116527	cell junction protein	3	0.684	0.357	23	1
GATA4	3.10272461445885	57.0033466394998	transcription factor	23	0.451	0.75	231	30
SGCA	0.062063553877303	0.493419793060441	calcium-binding protein	1	0.623	0.3569	42	35
NSD1	12.9896250047179	290.483051035714	transferase	25	0.612	0.5361	47	185
BTD	0.0627170535158267	11.8368088313003	hydrolase	9	0.591	0.5711	58	160
FREM1	1.05427773981263	28.0795723501542	transporter	26	0.703	0.3929	19	7
LHCGR	1.84841695636441	38.8953903416673	extracellular matrix protein	8	0.546	0.571	90	35
PRPH2	1.8156864955122	52.2730817803254	cell adhesion molecule	2	0.528	0.5361	108	40
CHAT	0.475822653193634	8.01184771791647	transferase	25	0.55	0.714	87	26
RAG1	1.71940581202085	30.1783465208958	nucleic acid binding	14	0.485	0.7501	165	36
KLHL3	0.000418866975142161	0.0494904995122068	null	15	0.768	0.179	10	31
KCNQ2	1.90884413527234	40.4787243117055	null	15	0.561	0.2859	78	100
COL11A1	0.987061921413492	30.5227371156085	null	15	0.451	0.607	232	18
KCNQ3	1.26415538723849	35.1807078408185	null	15	0.614	0.321	46	9
ARSB	1.48199095726142	30.9223229264968	hydrolase	9	0.565	0.6071	75	19
JAG1	0.657172127272858	25.0512122677768	null	15	0.434	0.75	274	33
TRPS1	1.35118613400307	23.897851766259	transcription factor	23	0.491	0.5	156	12
TRIOBP	0.0316607077430404	0.283439167391441	cytoskeletal protein	5	0.758	0.2501	11	7
SLC26A4	0.588784885744467	20.6438364063989	null	15	0.512	0.75	127	127
NPHP4	1.08076332223652	22.9984846155928	null	15	0.714	0.357	17	21
ADAMTS13	3.14315368456284	54.3917757766089	protease	18	0.503	0.786	138	60
MYLK	0.0451261146883948	0.565149571196191	cell adhesion molecule	2	0.558	0.6069	80	11
OTOGL	0.0249206718072841	0.854961834341006	cell adhesion molecule	2	0.889	0.1069	3	4
CACNA1C	0.120517276183195	2.42891673631667	transporter	26	0.564	0.5001	76	30
MET	1.02871092139178	23.6022098256307	null	15	0.416	0.786	327	29
DHCR7	0.358875840203064	10.5797159867703	oxidoreductase	16	0.469	0.7499	195	61
CACNA1A	0.23682312053981	4.98374010058773	transporter	26	0.502	0.6789	140	56
ARID1B	0.628263013650136	52.6493942199963	null	15	0.684	0.5	23	15
GBE1	2.13359359578937	38.1841971200059	hydrolase	9	0.57	0.643	71	16
SACS	0.423178201325969	18.8356003468651	null	15	0.578	0.429	66	106
ETFDH	0.603562902275141	31.6221763161328	oxidoreductase	16	0.578	0.393	66	11
RHBDF2	1.22656900405358	33.8987534396533	protease	18	0.688	0.3571	22	4
LYST	0.938377312461858	22.9212138537251	null	15	0.539	0.679	97	41
KRAS	0.459659974692075	15.2352295837938	enzyme modulator	7	0.329	0.857	781	34
TGM6	0.0118459420461345	11.3087589306867	transferase	25	0.75	0.25	12	5
DDX3X	0	0.260172963372819	nucleic acid binding	14	0.589	0.5359	59	16
RAG2	0.0431707325418102	0.315232915572598	nucleic acid binding	14	0.488	0.786	160	9
KCNQ1	0.255432220305104	12.608844952293	null	15	0.49	0.7499	158	234
NLRP3	0.250389242353502	5.40400567997894	transcription factor	23	0.435	0.8929	271	44
COL11A2	1.54400421268483	35.7820145347145	null	15	0.448	0.7141	240	13
ABCC2	0.248019586117601	4.00592282962956	transporter	26	0.495	0.714	150	24
TUBA1A	0.000694782864424867	2.25224382175976	cytoskeletal protein	5	0.619	0.357	44	28
WDR62	3.62869180415365	84.4053612314882	enzyme modulator	7	0.698	0.286	20	21
HLCS	1.30934720863661	34.8785062706419	null	15	0.614	0.4289	46	17
KRT2	0.105180314327561	0.140238931406559	cytoskeletal protein	5	0.779	0.1069	9	17
WWOX	1.98331843270036	30.8943903524436	oxidoreductase	16	0.47	0.7141	192	20
PRX	0.0213238361729756	0.4475694771878	null	15	0.721	0.1791	16	11
PKD1	0.349977535528407	26.4669237602414	signaling molecule	20	0.517	0.6789	121	63
MFN2	0.98029655894644	27.3869220542443	phosphatase	17	0.498	0.643	145	31
ARSA	0.363907125672953	16.2112469440587	hydrolase	9	0.513	0.8209	125	129
KCNH2	0.734604967116984	28.4289040293267	transporter	26	0.515	0.679	123	237
CCDC40	0.023091654470108	0.238840655019927	null	15	0.768	0.2139	10	7
MYO15A	1.37604800523566	30.9813241988675	cell junction protein	3	0.721	0.179	16	41
IQSEC2	0.282555135659713	3.81446749788184	enzyme modulator	7	0.648	0.393	33	7
